card_id,card_type,user_id (NOTE generated by cognito),user_contact
023142c5-f593-4e49-8097-a75b53419c59,scis_freedom,Stella@transcenda.com,+6512345678
032c5dde-c297-432a-a852-1b07a1d78ae1,scis_freedom,Dominik@transcenda.com,+6512345678
03a77824-df6b-47f6-8643-25dd8d0633e8,scis_freedom,Kevin@transcenda.com,+6512345678
0524d78f-58a9-477a-8ad4-04a2943f4cf4,scis_freedom,Michael@transcenda.com,+6512345678
0b343c97-e8a3-4551-8cad-728e5442f381,scis_freedom,Penelope@transcenda.com,+6512345678
10023df5-eeca-4526-8c42-a892f59f6a85,scis_freedom,Alina@transcenda.com,+6512345678
1223f367-b393-4694-b4b7-0c4c1c318301,scis_freedom,Amanda@transcenda.com,+6512345678
1957f4eb-9876-4b9b-8170-4fccb52f7c27,scis_freedom,Edward@transcenda.com,+6512345678
213900a4-b271-4ebf-9327-94eb7ec48478,scis_freedom,Sofia@transcenda.com,+6512345678
23432c85-bcca-486e-89d5-86371397d83a,scis_freedom,chenzhaoxing.98@gmail.com,+6582223913
27a94e97-c02a-4d91-87c6-14c75e9e11a4,scis_freedom,Kelvin@transcenda.com,+6512345678
2a81fe39-e37f-4228-8d02-f8eb3b5ece57,scis_freedom,Joyce@transcenda.com,+6512345678
2bbf6f01-14aa-45f4-b5c3-1c03282b5886,scis_freedom,Rafael@transcenda.com,+6512345678
2cb26db8-9c82-4fce-8cab-5989558e578c,scis_freedom,Lucas@transcenda.com,+6512345678
2f78967a-7b36-4d14-93c1-674626415aa9,scis_freedom,Olivia@transcenda.com,+6512345678
32a40fec-5ba9-4797-8f9d-6635e7fbf17d,scis_freedom,Jacob@transcenda.com,+6512345678
357c5bab-33d6-4c50-ad2c-c7c7a155e35f,scis_freedom,Maya@transcenda.com,+6512345678
36034a0d-e657-42c2-a464-7fbb8f88baa8,scis_freedom,Roman@transcenda.com,+6512345678
36aa625a-d255-4472-95d9-d7f2bae67cb4,scis_freedom,Catherine@transcenda.com,+6512345678
38f6faa5-15aa-41e6-b6ed-f8c98c9944a2,scis_freedom,Jasmine@transcenda.com,+6512345678
3a82af26-54e0-4e1e-9f06-c224c8a34126,scis_freedom,Carl@transcenda.com,+6512345678
3c4d9813-7752-4778-a7f9-c982760a20d2,scis_freedom,Anna@transcenda.com,+6512345678
3d31fbf2-6541-45e3-ab55-2762e7d34c94,scis_freedom,Frederick@transcenda.com,+6512345678
3dc582d5-2b33-4a56-a8b5-e6c4718f9a7c,scis_freedom,Gianna@transcenda.com,+6512345678
3e873132-2824-4695-a6e7-3ec0a8fa7115,scis_freedom,Paul@transcenda.com,+6512345678
4211083d-9175-4530-8b34-90758bc73f57,scis_freedom,Elise@transcenda.com,+6512345678
4251ca55-1d42-48f4-a485-f260cda54089,scis_freedom,Martin@transcenda.com,+6512345678
455ac4ab-c83e-4c80-b45c-dd9195c855cb,scis_freedom,KevinWatson@transcenda.com,+6512345678
4629f8a7-8a0c-4bc6-8d43-d127a3c37d4c,scis_freedom,Freddie@transcenda.com,+6512345678
49d99629-1f1b-44d6-bccd-dcb4541822a7,scis_freedom,Arianna@transcenda.com,+6512345678
4b6832b7-1ab9-45d7-994e-6c592a777306,scis_freedom,OliverBarnes@transcenda.com,+6512345678
4d45c9b0-e941-481b-9c60-d91d77aaf95a,scis_freedom,PaulRussell@transcenda.com,+6512345678
4f4328b3-473e-4618-afc5-db94fe602187,scis_freedom,Ned@transcenda.com,+6512345678
4f5c2d77-0715-4684-b616-30836edd56c6,scis_freedom,Victoria@transcenda.com,+6512345678
50b2c180-dd26-433c-abf4-4ed7778e6293,scis_freedom,Charlotte@transcenda.com,+6512345678
545d0a6d-1452-4218-a28f-f0b59412616f,scis_freedom,Jack@transcenda.com,+6512345678
57e1ad73-ede0-4c4e-b7b3-57421afd56be,scis_freedom,OliviaRichardson@transcenda.com,+6512345678
5e346753-8dda-4635-98d4-8e54230294a8,scis_freedom,Honey@transcenda.com,+6512345678
602032d2-a709-4eaf-abca-8746b7e49803,scis_freedom,Briony@transcenda.com,+6512345678
6129ccdc-b658-4c6f-a296-a5b6d71200ae,scis_freedom,Albert@transcenda.com,+6512345678
61a6b011-2879-45b7-83ae-1ca9a019b148,scis_freedom,Hailey@transcenda.com,+6512345678
633de3f1-9771-4dc6-afea-7776cc58d6b7,scis_freedom,Brooke@transcenda.com,+6512345678
639afc84-edd2-4b40-938a-83f576a52514,scis_freedom,Jessica@transcenda.com,+6512345678
64a7aaad-5be9-41dc-bfd7-7cc8cb31683b,scis_freedom,Sienna@transcenda.com,+6512345678
6520ab8c-7723-4f63-bae8-a9937c80ab8a,scis_freedom,Samantha@transcenda.com,+6512345678
65b233b6-6249-4250-8a99-ba09fcfc559a,scis_freedom,Julia@transcenda.com,+6512345678
69946770-09e0-4b62-a685-f00b04dd04a5,scis_freedom,Jenna@transcenda.com,+6512345678
6a0a06cd-e520-4c03-963e-025495d430eb,scis_freedom,Alan@transcenda.com,+6512345678
6a391d12-2db9-4fe5-9f92-c609e4b17d6d,scis_freedom,Natalie@transcenda.com,+6512345678
6a6b5c7b-5c2c-4082-8963-07ff5319b124,scis_freedom,Adrianna@transcenda.com,+6512345678
72530c8a-4294-402e-ba9a-222880b11131,scis_freedom,Cadie@transcenda.com,+6512345678
72e1c83f-b670-4b96-aaf7-e859f323fa29,scis_freedom,Justin@transcenda.com,+6512345678
7404c27c-b2e1-4b42-8e1d-26edc99f3e01,scis_freedom,Alfred@transcenda.com,+6512345678
75cd25ff-bb90-4e7d-9d6b-6c46eb6409cb,scis_freedom,Nicole@transcenda.com,+6512345678
7aa6174e-2a43-46a8-acc0-9d7ecac2c045,scis_freedom,Melissa@transcenda.com,+6512345678
7c08179a-6869-45a5-b7f2-aa0f2678984a,scis_freedom,Ted@transcenda.com,+6512345678
7df2430a-2b34-492b-9849-274f4ddf7389,scis_freedom,Aiden@transcenda.com,+6512345678
864aac67-e445-4ca6-a1e0-62ecabdce60f,scis_freedom,John@transcenda.com,+6512345678
8b33f88f-5e5d-45c6-acef-dbace6b09410,scis_freedom,Owen@transcenda.com,+6512345678
8b6b2f54-0a20-418e-92ad-10a2d89936c8,scis_freedom,Evelyn@transcenda.com,+6512345678
8be4a2e9-41de-4b13-a808-5dd9ab15bc0c,scis_freedom,Miley@transcenda.com,+6512345678
8dce915c-315e-4141-bd3b-89162cc1064f,scis_freedom,Aston@transcenda.com,+6512345678
8df2be76-ce01-4215-acdc-d5bc831aedf9,scis_freedom,Kelsey@transcenda.com,+6512345678
8e0887ff-bce3-4512-b792-d269ef3fb481,scis_freedom,MelissaStewart@transcenda.com,+6512345678
8f5fb563-439f-4054-b0f5-9eaf5cc07765,scis_freedom,Julian@transcenda.com,+6512345678
8f793b22-153b-4578-b4f2-c6a151dc9aa6,scis_freedom,MayaHill@transcenda.com,+6512345678
900ccb76-d4ad-48c1-a617-7965776f1524,scis_freedom,Mary@transcenda.com,+6512345678
90886471-6198-4499-a040-490521fe2f77,scis_freedom,Lucia@transcenda.com,+6512345678
92231e34-5041-4f7f-ae8d-92d15dce4b74,scis_freedom,Miller@transcenda.com,+6512345678
93785ddc-e718-434d-aa2e-8074ba3852f6,scis_freedom,Derek@transcenda.com,+6512345678
9510831e-569d-4d93-b315-b5116327cfa8,scis_freedom,Roland@transcenda.com,+6512345678
97023150-8dae-4f96-9db7-b8f43b5ee74e,scis_freedom,Fenton@transcenda.com,+6512345678
99944e0e-432f-4ca2-9c06-f8b0da7e6f4c,scis_freedom,Paige@transcenda.com,+6512345678
9a084316-dab0-4794-9eba-cbf2a39c06ca,scis_freedom,Melanie@transcenda.com,+6512345678
9b8bba76-6207-4b39-b6d9-ec9d78619494,scis_freedom,Amelia@transcenda.com,+6512345678
9bd9e2bd-6dc7-40e7-ac43-170569b493e8,scis_freedom,Kirsten@transcenda.com,+6512345678
9da934ff-3dda-461f-bec2-c44ccb1efbe9,scis_freedom,Blake@transcenda.com,+6512345678
9eae029e-ad76-41d7-b038-31fd445fd263,scis_freedom,JessicaRiley@transcenda.com,+6512345678
a264702e-9d8a-4694-adf8-8e2cbcf4d6c1,scis_freedom,NedHall@transcenda.com,+6512345678
a2e10c06-bc52-4f78-88d1-16f3ed85b943,scis_freedom,Jordan@transcenda.com,+6512345678
a4a2478f-2ec9-4c99-9057-d3e799a2dc99,scis_freedom,Chester@transcenda.com,+6512345678
a730c974-45d4-4cfa-974f-52952f6e8b5c,scis_freedom,Adison@transcenda.com,+6512345678
a796ffc9-d8a6-4366-b646-0f4c71d4beec,scis_freedom,AmeliaRichards@transcenda.com,+6512345678
a88ed688-146d-4c1e-b429-d1bbdb2d617c,scis_freedom,AlinaHarper@transcenda.com,+6512345678
ac64c927-c1c9-4b6b-9c1a-2349e39dd0e6,scis_freedom,PaigeCasey@transcenda.com,+6512345678
adb7f9c8-102b-4faf-92c0-292c43f1b9fc,scis_freedom,Luke@transcenda.com,+6512345678
b0864074-c9a2-4bd6-a0f0-d2839ae4238b,scis_freedom,Tara@transcenda.com,+6512345678
b2d643d0-cac9-4342-ae53-a4fa13e4efcb,scis_freedom,JoyceTaylor@transcenda.com,+6512345678
b3cc482c-3d05-4a33-a720-780a123ba285,scis_freedom,JessicaTucker@transcenda.com,+6512345678
b4548705-4492-471e-b28a-b099c445abd3,scis_freedom,Spike@transcenda.com,+6512345678
b5b846f3-1892-4a4b-89ed-062ac0dce356,scis_freedom,Florrie@transcenda.com,+6512345678
b74ea318-3c54-40e5-a8b4-03f5b14374f3,scis_freedom,Vanessa@transcenda.com,+6512345678
bc407990-bbb5-42a3-9ea8-ac7924c304aa,scis_freedom,LucasScott@transcenda.com,+6512345678
bdc853ad-6189-479c-a06b-82aa38d3cc9a,scis_freedom,AlinaPerry@transcenda.com,+6512345678
bf899819-f106-4b15-b51a-0a6e27763186,scis_freedom,Madaline@transcenda.com,+6512345678
c11ae34f-e9fa-40ac-94fa-578290ed1671,scis_freedom,Abraham@transcenda.com,+6512345678
c96376da-05e0-4a4f-8875-51ddc62db237,scis_freedom,Sarah@transcenda.com,+6512345678
c9efa32a-f733-4bbb-9680-957ce9cc6711,scis_freedom,MichaelBaker@transcenda.com,+6512345678
caa0715a-7273-43fb-905e-354562682a7d,scis_freedom,Maria@transcenda.com,+6512345678
ccefa812-d83f-41c7-ba17-130dd68a62b3,scis_freedom,JustinPayne@transcenda.com,+6512345678
cd243ee0-6850-40b0-8692-3e955fd483dc,scis_freedom,AriannaCole@transcenda.com,+6512345678
cf18f334-15a6-4de5-9100-e3b03f1c08c4,scis_freedom,AdisonAndrews@transcenda.com,+6512345678
cfc1f295-ad2c-4fcd-8dfc-6702d8e5c536,scis_freedom,ChelseaMorris@transcenda.com,+6512345678
cfd33df2-39f5-476f-bf77-d648fe822261,scis_freedom,MichaelHiggins@transcenda.com,+6512345678
d2e00996-f73c-495d-a867-981742ec051d,scis_freedom,CamilaMurphy@transcenda.com,+6512345678
daba30e4-8de2-4229-80c2-cc7f241f0bd4,scis_freedom,AstonWells@transcenda.com,+6512345678
db576218-96ed-4d5e-b516-b5681b1c0fed,scis_freedom,AmberKelly@transcenda.com,+6512345678
dbabc0d3-048d-416f-b664-af448514f76c,scis_freedom,AshtonChapman@transcenda.com,+6512345678
e1dd6a9a-5163-4068-a4f7-6fc580013be2,scis_freedom,MayaRobinson@transcenda.com,+6512345678
e43128b4-d868-4b7f-b2cc-865e2ffe1a86,scis_freedom,LennyMorrison@transcenda.com,+6512345678
e4b13dce-663b-48f0-8b04-cd858a20609e,scis_freedom,AnnaHenderson@transcenda.com,+6512345678
e555f435-4134-4618-aa86-b585da9e0426,scis_freedom,SophiaMontgomery@transcenda.com,+6512345678
e688a68d-30bd-4a92-9d2d-79c6f80adc14,scis_freedom,KateFowler@transcenda.com,+6512345678
e98208b7-40b2-4c74-9dd3-84298131149b,scis_freedom,AdisonWells@transcenda.com,+6512345678
eb717dab-c000-4f9a-833a-6fe875e0d995,scis_freedom,TessJohnson@transcenda.com,+6512345678
edd7307b-a1ea-4467-98ce-8dac23826fc7,scis_freedom,AlanEvans@transcenda.com,+6512345678
f09b5769-bdef-4acc-8349-70123b22519a,scis_freedom,SpikeRobinson@transcenda.com,+6512345678
f1b38ad9-2456-4ce2-bc23-d3a927295371,scis_freedom,CarlosMartin@transcenda.com,+6512345678
f21c5f04-6ae6-4350-9a6d-5ccb8ec0d54e,scis_freedom,AidenGrant@transcenda.com,+6512345678
f44bfa20-1400-4472-bc41-aadc0814652f,scis_freedom,CarolineCarter@transcenda.com,+6512345678
f4671308-45bd-4f3a-ac34-7a11db41fd72,scis_freedom,AidaCasey@transcenda.com,+6512345678
f58ac71a-8a73-4946-af28-cc8d162bbc7e,scis_freedom,RyanTaylor@transcenda.com,+6512345678
f6027bc5-3912-44b0-839a-734726d72f31,scis_freedom,CharlieSmith@transcenda.com,+6512345678
fa654b29-91b9-4d7a-86a8-b96d0bcd4f0b,scis_freedom,EvelynMason@transcenda.com,+6512345678
fa8a72a1-32e2-4bab-81e5-6ad2dad09b42,scis_freedom,FrederickRoss@transcenda.com,+6512345678
fb5d9738-ad51-430e-acd7-b7f0fe211dd3,scis_freedom,KelseyRussell@transcenda.com,+6512345678
fb987713-2e6e-4b3a-918d-479a54367635,scis_freedom,MichelleNelson@transcenda.com,+6512345678
fdb8097d-8e32-414c-b89d-05f3c5dd1550,scis_freedom,FionaHall@transcenda.com,+6512345678
ffcc29ea-0090-409b-b020-2491d2cd7851,scis_freedom,BriannaPhillips@transcenda.com,+6512345678
ca8bac18-d3be-4be7-8ffd-9a0e255bd260,scis_freedom,DanielFowler@transcenda.com,+6512345678
6ac7eed4-58c0-4b89-a4b9-19175607ee5e,scis_freedom,TessDixon@transcenda.com,+6512345678
00eb4e1b-718f-409c-9352-ec5fbd9d30dc,scis_platinummiles,Stella@transcenda.com,+6512345678
01de053d-d6dd-452f-9b72-c984f6b5bfc3,scis_platinummiles,Dominik@transcenda.com,+6512345678
037aed96-24bf-4b12-9227-7a2e35189243,scis_platinummiles,Kevin@transcenda.com,+6512345678
03ceb52f-2f09-4a5e-8428-8a57ac3f69c0,scis_platinummiles,Michael@transcenda.com,+6512345678
05541c28-f0d5-4442-b1fe-1aab68ea009a,scis_platinummiles,Penelope@transcenda.com,+6512345678
0626efed-a867-42b0-b80f-abc842a7fb87,scis_platinummiles,Alina@transcenda.com,+6512345678
083e0de3-3b51-4a48-ac58-4912e8ced43b,scis_platinummiles,Amanda@transcenda.com,+6512345678
086489fc-d798-495f-b289-78768b6f931a,scis_platinummiles,Edward@transcenda.com,+6512345678
0c725781-424d-4428-a47b-2c29a87556d8,scis_platinummiles,Sofia@transcenda.com,+6512345678
0d443bb1-b80c-4cf1-817f-1f9fe7a22966,scis_platinummiles,Kelvin@transcenda.com,+6512345678
0d485902-fde8-489e-9bd0-7073f8d61521,scis_platinummiles,Joyce@transcenda.com,+6512345678
0eca98ea-d115-437e-ae11-291dee58196b,scis_platinummiles,Rafael@transcenda.com,+6512345678
0fd148a9-a350-4567-9e6d-d768ab9c1932,scis_platinummiles,Lucas@transcenda.com,+6512345678
1332c2cf-3e7d-4034-8ba2-dacb21a4ae07,scis_platinummiles,Olivia@transcenda.com,+6512345678
136338ab-b4fc-4830-889f-c3b4ae1935e2,scis_platinummiles,Jacob@transcenda.com,+6512345678
14c5dad9-ef49-43e7-9ecd-347b7d4ee87b,scis_platinummiles,Maya@transcenda.com,+6512345678
17f8e1b7-24e7-4b67-a39c-dd178f8073e4,scis_platinummiles,Roman@transcenda.com,+6512345678
183d2215-4560-4c36-8b74-47eb81a24d91,scis_platinummiles,Catherine@transcenda.com,+6512345678
18e58043-069b-461c-8dcf-54f0f40991f1,scis_platinummiles,Jasmine@transcenda.com,+6512345678
1b0777e5-f923-4983-b8b4-5c913ef527b6,scis_platinummiles,Carl@transcenda.com,+6512345678
1ced6356-04a6-4cc6-b21b-1216b0b7b4d0,scis_platinummiles,Anna@transcenda.com,+6512345678
1ee078f6-433c-4188-af2c-0ab0ea1f0e74,scis_platinummiles,Frederick@transcenda.com,+6512345678
222fe0eb-a037-4ae0-a669-81b5d7804dad,scis_platinummiles,Gianna@transcenda.com,+6512345678
260ccac9-8ec2-4910-9b18-ae627d40c741,scis_platinummiles,Paul@transcenda.com,+6512345678
27d9bc78-a413-4121-bd5b-1b539af3fcf2,scis_platinummiles,Elise@transcenda.com,+6512345678
2c11cf41-9de8-428c-a5a4-7ac0e78b20ee,scis_platinummiles,Martin@transcenda.com,+6512345678
2f76f61d-acc1-459f-8017-4a91c1569851,scis_platinummiles,KevinWatson@transcenda.com,+6512345678
2fe56890-acdd-4ed6-ba6b-901de8281652,scis_platinummiles,Freddie@transcenda.com,+6512345678
34102540-75a9-4ec2-a52e-f3d11d77cb28,scis_platinummiles,Arianna@transcenda.com,+6512345678
35e22a0b-abf2-4601-82f8-637c85ea1648,scis_platinummiles,PaulRussell@transcenda.com,+6512345678
37708f51-a7af-4025-a012-76665ff138b0,scis_platinummiles,Ned@transcenda.com,+6512345678
3883ddfe-c669-42ae-aff5-a273b737774c,scis_platinummiles,Victoria@transcenda.com,+6512345678
39d0590d-afe5-41b3-805e-1b40681c48e2,scis_platinummiles,Charlotte@transcenda.com,+6512345678
39e88485-5ee0-4a24-a5db-2752752f84f0,scis_platinummiles,Jack@transcenda.com,+6512345678
3b737949-c3f9-499d-8a68-e230cbadd7e7,scis_platinummiles,OliviaRichardson@transcenda.com,+6512345678
3b8023f3-b080-4be2-8ffc-28867d909a15,scis_platinummiles,Honey@transcenda.com,+6512345678
3e027571-3380-4a80-8f15-c5b194f575c7,scis_platinummiles,Briony@transcenda.com,+6512345678
3f0b5a3e-5e29-4c03-8f0d-73fb46ebf089,scis_platinummiles,Albert@transcenda.com,+6512345678
40aa42ee-026a-4770-b209-c600fbdc6f30,scis_platinummiles,Hailey@transcenda.com,+6512345678
41db40c4-234f-49b8-93b7-9048c30724cd,scis_platinummiles,Brooke@transcenda.com,+6512345678
42083016-bcc3-45de-b47a-508453ad5822,scis_platinummiles,Jessica@transcenda.com,+6512345678
4225866f-310d-42e0-8dba-c4918493e699,scis_platinummiles,Sienna@transcenda.com,+6512345678
44ba9b84-a6ed-43da-bd91-7f35eb930939,scis_platinummiles,Samantha@transcenda.com,+6512345678
44cbb031-4e8a-4dbd-b68f-7e380aab7b63,scis_platinummiles,Julia@transcenda.com,+6512345678
496bc397-7e92-4451-a00e-ce1ddb4dbd0d,scis_platinummiles,Jenna@transcenda.com,+6512345678
4d13df19-bd45-4848-90f4-64049649018d,scis_platinummiles,Alan@transcenda.com,+6512345678
529e0406-75dd-4674-9835-c339d2404540,scis_platinummiles,Natalie@transcenda.com,+6512345678
56017f99-6010-45a0-9f45-aecf3be20597,scis_platinummiles,Adrianna@transcenda.com,+6512345678
56e6dd0a-bee7-43bc-868c-c21ffeaa1406,scis_platinummiles,Cadie@transcenda.com,+6512345678
596f0bb8-85a9-46e3-a3ca-4b67e189f4ee,scis_platinummiles,Justin@transcenda.com,+6512345678
5ce7d5ef-e4e5-4082-b3ea-7619953fa4f9,scis_platinummiles,Alfred@transcenda.com,+6512345678
5e39bda2-a85e-425c-835c-12cff1d5a4af,scis_platinummiles,Nicole@transcenda.com,+6512345678
5e8a1459-5640-4386-a393-0985abfe6df2,scis_platinummiles,Melissa@transcenda.com,+6512345678
5eb99564-53c8-45b1-92f0-13c53f45a822,scis_platinummiles,Ted@transcenda.com,+6512345678
5ffe105d-a163-44af-ba7d-7de4906aea3e,scis_platinummiles,Aiden@transcenda.com,+6512345678
62c81e2f-f0e3-46b1-a0c6-526a4b4d2192,scis_platinummiles,John@transcenda.com,+6512345678
66c58ea1-c3de-4cec-bd72-c6411a254de5,scis_platinummiles,Owen@transcenda.com,+6512345678
66fc0ff8-f8d9-4b70-a5d1-4dc9f356e4bd,scis_platinummiles,Evelyn@transcenda.com,+6512345678
6752c196-d9db-4b24-967f-82db90cdac95,scis_platinummiles,Miley@transcenda.com,+6512345678
6bd76792-6267-4a47-8469-95a414a65205,scis_platinummiles,Aston@transcenda.com,+6512345678
6d884153-3ea3-4a23-bd7c-8c86af4abfcd,scis_platinummiles,Kelsey@transcenda.com,+6512345678
70d79514-a4d9-4ddb-a28c-3352980a5d88,scis_platinummiles,MelissaStewart@transcenda.com,+6512345678
71ff391a-9e48-4617-8f51-0997e9ae2c74,scis_platinummiles,Julian@transcenda.com,+6512345678
734e49d9-cd9c-4906-871a-c9ef18e5f173,scis_platinummiles,MayaHill@transcenda.com,+6512345678
73a20222-1fb0-4fb2-b98c-06933f009718,scis_platinummiles,Mary@transcenda.com,+6512345678
73bbe979-d31e-4964-a035-60beeecac554,scis_platinummiles,Lucia@transcenda.com,+6512345678
75ba6207-51e7-4f4f-bfab-eac8f44c02ac,scis_platinummiles,Miller@transcenda.com,+6512345678
7611aef2-3be2-4fdd-aa23-54912b195852,scis_platinummiles,Derek@transcenda.com,+6512345678
7890d077-ebca-49ab-b5e0-0df9917edad1,scis_platinummiles,Roland@transcenda.com,+6512345678
78f4dca2-8c8f-4dd6-87b6-c0ea4ad1cfe7,scis_platinummiles,Fenton@transcenda.com,+6512345678
7956b63b-e0a1-4d96-b0d3-73e36955ad50,scis_platinummiles,Paige@transcenda.com,+6512345678
79cafac7-719b-497a-9250-c10606a2d922,scis_platinummiles,Melanie@transcenda.com,+6512345678
7aacf77b-2de2-4bd0-9ecc-964ed9f89d6c,scis_platinummiles,Amelia@transcenda.com,+6512345678
7c8d9ff3-bf43-447d-9ed0-45fc443f65ca,scis_platinummiles,Kirsten@transcenda.com,+6512345678
8182b637-1072-4c5c-8252-2bae929f7acc,scis_platinummiles,Blake@transcenda.com,+6512345678
825da50f-4133-4718-9cea-ad0a1edfeec8,scis_platinummiles,JessicaRiley@transcenda.com,+6512345678
82ebe070-8445-48b6-855a-70ca63b08194,scis_platinummiles,NedHall@transcenda.com,+6512345678
8ed858c1-209c-47f0-ad4a-7ec439a9721e,scis_platinummiles,Jordan@transcenda.com,+6512345678
8f9d3c51-e720-4ccd-8e33-e4deacd57be4,scis_platinummiles,Chester@transcenda.com,+6512345678
903cba43-f62d-4401-aae8-6eb727be0f90,scis_platinummiles,Adison@transcenda.com,+6512345678
91532478-ae34-4407-b42e-31627b0fa109,scis_platinummiles,AmeliaRichards@transcenda.com,+6512345678
92c10241-9557-4f6d-9c4b-f41ac7648de4,scis_platinummiles,AlinaHarper@transcenda.com,+6512345678
92c6216e-da9d-42ae-9539-ac58e5162c7a,scis_platinummiles,PaigeCasey@transcenda.com,+6512345678
9ac6cc90-96c2-489d-9acd-5160723fb8e5,scis_platinummiles,Luke@transcenda.com,+6512345678
9af18a79-1c85-41f6-a6d1-819c372163d1,scis_platinummiles,Tara@transcenda.com,+6512345678
9ed04ec3-a8e9-4dae-a449-91f00d81a05a,scis_platinummiles,JoyceTaylor@transcenda.com,+6512345678
a0161a88-21b2-4135-8b57-849abe33d1ec,scis_platinummiles,JessicaTucker@transcenda.com,+6512345678
a24ffde5-edba-476e-bcd1-95a4b4083905,scis_platinummiles,Spike@transcenda.com,+6512345678
a5415e15-74df-48d5-9814-0288b246d7d9,scis_platinummiles,Florrie@transcenda.com,+6512345678
a68fcace-ec7c-4acf-90ac-96ed45b86337,scis_platinummiles,Vanessa@transcenda.com,+6512345678
a72e9d08-15f9-47b3-a526-3b7c71e92bca,scis_platinummiles,LucasScott@transcenda.com,+6512345678
a8a2a6f5-8dab-4911-8389-f23df6a03ecc,scis_platinummiles,Vivian@transcenda.com,+6512345678
abae5fb2-152c-4268-9b52-82efbeaa36e5,scis_platinummiles,AlinaPerry@transcenda.com,+6512345678
abaebf3e-71f1-4942-97ca-7639abd15127,scis_platinummiles,Madaline@transcenda.com,+6512345678
ae6f7c39-a729-4499-98e9-883a7d911284,scis_platinummiles,Abraham@transcenda.com,+6512345678
af915010-232a-45d7-a226-a2bccd21c592,scis_platinummiles,Sarah@transcenda.com,+6512345678
afa0ab34-fb51-43d8-b7a9-4b0b79f9ff60,scis_platinummiles,MichaelBaker@transcenda.com,+6512345678
b069869e-94fd-46e5-a439-6d847bd3947b,scis_platinummiles,Maria@transcenda.com,+6512345678
b0f4ef42-7c3e-47a7-a938-8989f9169df0,scis_platinummiles,JustinPayne@transcenda.com,+6512345678
b120c183-c1a4-45eb-afad-c08eed55fc73,scis_platinummiles,AriannaCole@transcenda.com,+6512345678
b270fbe5-c3ce-47b7-9122-628bdf05cf04,scis_platinummiles,AdisonAndrews@transcenda.com,+6512345678
b6101b1d-d13d-4266-802d-89b0acf89084,scis_platinummiles,ChelseaMorris@transcenda.com,+6512345678
bb16a7a0-e1e3-43b3-b2a5-3b400c91349d,scis_platinummiles,MichaelHiggins@transcenda.com,+6512345678
beaeaa6a-4395-4902-ae3a-013adc8b12e1,scis_platinummiles,CamilaMurphy@transcenda.com,+6512345678
bfd064fe-45c3-4a79-b7c2-9134581c53f8,scis_platinummiles,AstonWells@transcenda.com,+6512345678
bfe02b5d-4639-43b8-a144-1702b957879c,scis_platinummiles,AmberKelly@transcenda.com,+6512345678
c13025fa-8e75-4253-945c-4962ca6167d7,scis_platinummiles,AshtonChapman@transcenda.com,+6512345678
c2268bab-6527-435d-b4e1-78242fe2b890,scis_platinummiles,MayaRobinson@transcenda.com,+6512345678
c2ef544b-6155-4069-9cd1-04522f3390d6,scis_platinummiles,chenzhaoxing.98@gmail.com,+6582223913
c4305cc1-d6b5-49aa-b7a9-55eb781e6e72,scis_platinummiles,LennyMorrison@transcenda.com,+6512345678
c47a3031-b113-410d-b856-0fb106e366aa,scis_platinummiles,AnnaHenderson@transcenda.com,+6512345678
c50c8922-881d-490d-bd1f-aad6c124c778,scis_platinummiles,SophiaMontgomery@transcenda.com,+6512345678
c89b1774-4d94-4a6c-9242-95b5e931173c,scis_platinummiles,KateFowler@transcenda.com,+6512345678
c8ed9a3a-c8f8-4f78-8654-e002534f4b69,scis_platinummiles,AdisonWells@transcenda.com,+6512345678
c9ea7bb6-2883-4329-80fe-5a90e346909d,scis_platinummiles,TessJohnson@transcenda.com,+6512345678
cd4ba630-8813-489a-a440-2cf8e6752ea5,scis_platinummiles,AlanEvans@transcenda.com,+6512345678
cdbe984c-e374-40c3-86d5-0d45e3722f41,scis_platinummiles,SpikeRobinson@transcenda.com,+6512345678
cea267a2-0731-4aef-9695-aea90359940e,scis_platinummiles,CarlosMartin@transcenda.com,+6512345678
d0433e5a-a3c2-457f-9e40-8a3081816432,scis_platinummiles,AidenGrant@transcenda.com,+6512345678
d1f1304b-c049-43d1-84ec-fbcdad6da299,scis_platinummiles,CarolineCarter@transcenda.com,+6512345678
d3b35a3c-b31a-434e-a7cb-1e76a46a05e6,scis_platinummiles,AidaCasey@transcenda.com,+6512345678
d4eeabad-d268-4fd7-be9a-ec8f2ee4b2ba,scis_platinummiles,RyanTaylor@transcenda.com,+6512345678
daba5ba7-7f92-4c03-8836-dca4a1b6d9be,scis_platinummiles,CharlieSmith@transcenda.com,+6512345678
df262f43-481b-4be7-b15b-175d72ac5f1d,scis_platinummiles,EvelynMason@transcenda.com,+6512345678
df645c57-d480-4a6d-9792-080f946399c6,scis_platinummiles,FrederickRoss@transcenda.com,+6512345678
e0302381-2198-47d2-b150-4a51ac78f8ea,scis_platinummiles,KelseyRussell@transcenda.com,+6512345678
e30668e6-fc62-4828-ae4f-29be76ff9498,scis_platinummiles,MichelleNelson@transcenda.com,+6512345678
e4115936-6f75-40bf-a469-897ea71fbd2e,scis_platinummiles,LyndonArmstrong@transcenda.com,+6512345678
ebcc190a-5538-4d01-824d-69d30dc912c7,scis_platinummiles,FionaHall@transcenda.com,+6512345678
ecc7d595-a19c-40ac-8a31-1a6dbdd48234,scis_platinummiles,BriannaPhillips@transcenda.com,+6512345678
ef7764fb-439e-40fb-9b9e-065a26f275b3,scis_platinummiles,OliverBarnes@transcenda.com,+6512345678
f1078a73-9422-4942-87e3-5a0df7a53d9f,scis_platinummiles,StuartTaylor@transcenda.com,+6512345678
f355b775-143a-40db-95f7-6d9539d0b69b,scis_platinummiles,SawyerJones@transcenda.com,+6512345678
f35bbef7-0c67-4204-8df4-4315d210dafc,scis_platinummiles,DaleHenderson@transcenda.com,+6512345678
f3c6a3e4-d768-4a40-94ed-2f22c621b5c6,scis_platinummiles,BlakeHiggins@transcenda.com,+6512345678
f4fe1bc9-be1e-44aa-a511-5ef77ca14bd8,scis_platinummiles,FreddieBaker@transcenda.com,+6512345678
f518d43f-ed46-477e-98d5-f121ff1e4d00,scis_platinummiles,KristianMyers@transcenda.com,+6512345678
f7113646-46da-48c8-b558-551725b7ad4d,scis_platinummiles,OliviaMorrison@transcenda.com,+6512345678
f79822bc-69d6-403f-acdf-b0a1a55b278c,scis_platinummiles,MileyWalker@transcenda.com,+6512345678
fc128744-5372-4a20-9aa4-4a7be11355ca,scis_platinummiles,PaigeMorris@transcenda.com,+6512345678
0592c51c-7bdc-4c87-b797-975a1fbca7b8,scis_premiummiles,Stella@transcenda.com,+6512345678
05f16dac-af89-4f06-9695-dc3194da985f,scis_premiummiles,Dominik@transcenda.com,+6512345678
06153b4d-6252-4b12-a744-e0aad72af1bd,scis_premiummiles,Kevin@transcenda.com,+6512345678
06849b6b-b2a5-4743-97e1-aeefc204a15b,scis_premiummiles,Michael@transcenda.com,+6512345678
0862199e-7ae7-4b0d-be17-500e85f5438e,scis_premiummiles,Penelope@transcenda.com,+6512345678
095d83bb-476b-4918-a784-1ffa004106e6,scis_premiummiles,Alina@transcenda.com,+6512345678
0ebdd6e8-ed8e-412b-a74a-1f009b38a5c1,scis_premiummiles,Amanda@transcenda.com,+6512345678
0ec867e6-5d3d-40bf-81ca-74a6715d4ef2,scis_premiummiles,Edward@transcenda.com,+6512345678
10d9b5ae-b86f-4113-b966-0333611a002e,scis_premiummiles,Sofia@transcenda.com,+6512345678
11b9892f-8c5b-441f-904f-d49316b0268b,scis_premiummiles,Kelvin@transcenda.com,+6512345678
12161396-3afa-434a-b38c-42bd86c58ed7,scis_premiummiles,Joyce@transcenda.com,+6512345678
136c3a79-87d1-4f49-9d7c-ea5694b40653,scis_premiummiles,Rafael@transcenda.com,+6512345678
137364c8-de8c-4978-8ce0-e952c80234c0,scis_premiummiles,Lucas@transcenda.com,+6512345678
15f8bec8-04a7-4374-a9a1-7a68e506d059,scis_premiummiles,Olivia@transcenda.com,+6512345678
160ce8ef-d01e-4f6b-95e0-19fae2c65fb8,scis_premiummiles,Jacob@transcenda.com,+6512345678
1670dbe0-7610-4e5f-9668-f358fe792e4d,scis_premiummiles,Maya@transcenda.com,+6512345678
1765c565-74d7-4297-88dd-9bfa6d804ed4,scis_premiummiles,Roman@transcenda.com,+6512345678
17876920-60ed-46d1-9bc7-fab960e3790e,scis_premiummiles,Catherine@transcenda.com,+6512345678
19de194f-9162-4f92-bdaf-85f1b00bbac2,scis_premiummiles,Jasmine@transcenda.com,+6512345678
1aaa68d0-2bcd-4e7b-9943-b1699d4fa90e,scis_premiummiles,Carl@transcenda.com,+6512345678
1ad4c662-4d11-4f4c-91b8-7f7cf76720ae,scis_premiummiles,Anna@transcenda.com,+6512345678
1cc47011-5c44-43b8-b1b7-c37a31814c10,scis_premiummiles,Frederick@transcenda.com,+6512345678
1f250b7c-81d7-4e4c-b59f-db8772d35376,scis_premiummiles,Gianna@transcenda.com,+6512345678
20a3e41d-0fb2-4bf3-b09d-26af1219bf26,scis_premiummiles,Paul@transcenda.com,+6512345678
21a8bbdf-3c48-441d-96e9-10d0a67e9e00,scis_premiummiles,Elise@transcenda.com,+6512345678
2479eadf-817b-4db3-8e23-5032be03e7eb,scis_premiummiles,Martin@transcenda.com,+6512345678
254285b0-0e50-4e3c-8778-a3044fefa530,scis_premiummiles,KevinWatson@transcenda.com,+6512345678
29593c5c-a9c1-4802-bb3a-98cf0cd1a57a,scis_premiummiles,Freddie@transcenda.com,+6512345678
2a3aa8bc-592d-4b88-a375-c4444bc9a5f9,scis_premiummiles,Arianna@transcenda.com,+6512345678
2a54f8e6-3b66-4b25-aae2-183175255687,scis_premiummiles,PaulRussell@transcenda.com,+6512345678
2f71e152-6a27-477a-85b8-f97680c9978f,scis_premiummiles,Ned@transcenda.com,+6512345678
30a41d32-1267-4cce-b3a9-7938e676e626,scis_premiummiles,Victoria@transcenda.com,+6512345678
350643ef-96af-4e16-86db-7840d33031e0,scis_premiummiles,Charlotte@transcenda.com,+6512345678
364761a9-a3f8-451e-ae98-635ec23595a7,scis_premiummiles,Jack@transcenda.com,+6512345678
3b6425d1-1006-4de8-93ea-428fece37569,scis_premiummiles,OliviaRichardson@transcenda.com,+6512345678
3cd61ba1-c710-4032-9471-582f9565d1e2,scis_premiummiles,Honey@transcenda.com,+6512345678
3ce15cf1-8397-463b-bdc5-c921e8cdc29b,scis_premiummiles,Briony@transcenda.com,+6512345678
4076b28e-9306-4abd-bb22-1a72da7d5bfb,scis_premiummiles,Albert@transcenda.com,+6512345678
440471c1-bf68-47b4-aeba-2f4daf673386,scis_premiummiles,Hailey@transcenda.com,+6512345678
460f1e63-f7a7-42db-a597-e7e56a18afed,scis_premiummiles,Brooke@transcenda.com,+6512345678
476bf5b6-49f9-48c4-9d68-7799f20fcb88,scis_premiummiles,Jessica@transcenda.com,+6512345678
487d60dd-4a85-4193-b75f-7bfbdfa7f5d3,scis_premiummiles,Sienna@transcenda.com,+6512345678
49031331-54df-4b62-a28c-8d6b0da750a5,scis_premiummiles,Samantha@transcenda.com,+6512345678
493655d8-6b2e-42ef-bb07-48191d2cae99,scis_premiummiles,Julia@transcenda.com,+6512345678
4b0e1ebc-8603-4413-8923-b50c779ca8ec,scis_premiummiles,Jenna@transcenda.com,+6512345678
4bd20f82-0b9a-4efc-b8c3-dba6f7f10e28,scis_premiummiles,Alan@transcenda.com,+6512345678
4c9c38e9-bc2a-4900-84e2-772f60c53d10,scis_premiummiles,Natalie@transcenda.com,+6512345678
532090c1-2fa0-4939-9163-a23265b74a23,scis_premiummiles,Adrianna@transcenda.com,+6512345678
533c067f-7af6-4971-a6d8-2596b76110cd,scis_premiummiles,Cadie@transcenda.com,+6512345678
554abe6a-1cf3-44ce-b772-bec848cdb97a,scis_premiummiles,Justin@transcenda.com,+6512345678
56126804-7060-4aa0-8579-73bc7372fe2a,scis_premiummiles,Alfred@transcenda.com,+6512345678
567e1387-83a9-47c4-aa7c-0cc14e0d9fd3,scis_premiummiles,Nicole@transcenda.com,+6512345678
57d585dd-7099-41fd-ad05-23f557de1fb2,scis_premiummiles,Melissa@transcenda.com,+6512345678
57fc1e82-ad46-4d1e-8dea-46945f8835bf,scis_premiummiles,chenzhaoxing.98@gmail.com,+6582223913
58731a60-3c69-4f71-861d-e2df1f3f8100,scis_premiummiles,Aiden@transcenda.com,+6512345678
5bc258e7-a140-4560-8578-d5623698783e,scis_premiummiles,John@transcenda.com,+6512345678
5bd7c482-ec97-43a3-8c9a-9fcf3d3ad2c2,scis_premiummiles,Owen@transcenda.com,+6512345678
5c407865-be47-4b02-b4ec-e7a6e14be9fc,scis_premiummiles,Evelyn@transcenda.com,+6512345678
6bf484d2-e260-4caa-b287-833b18100ad2,scis_premiummiles,Miley@transcenda.com,+6512345678
6d6da5c3-c09d-46fb-bca5-8c3697a7f344,scis_premiummiles,Aston@transcenda.com,+6512345678
73aef0d5-2bad-4095-8959-d27b78fe5c15,scis_premiummiles,Kelsey@transcenda.com,+6512345678
76b63e63-5eb3-46fb-a434-72c1fb610094,scis_premiummiles,MelissaStewart@transcenda.com,+6512345678
771758bf-5ccf-4323-b805-ad9509af4da6,scis_premiummiles,Julian@transcenda.com,+6512345678
7717f1f0-54f1-4046-9443-052700b92db9,scis_premiummiles,MayaHill@transcenda.com,+6512345678
79ed473b-3537-45a4-a6a3-a4a412a3e59f,scis_premiummiles,Mary@transcenda.com,+6512345678
7a8fcf6f-0d52-4008-b940-f6ada05ac7e3,scis_premiummiles,Lucia@transcenda.com,+6512345678
7b350cf6-b973-4177-81c0-b9af008e8b7f,scis_premiummiles,Miller@transcenda.com,+6512345678
7bb5d4ac-ed12-4b0c-ae05-3ef0cf836307,scis_premiummiles,Derek@transcenda.com,+6512345678
7c0a0b72-1db6-42eb-bdaf-c4a07c7517a3,scis_premiummiles,Roland@transcenda.com,+6512345678
7dcaf629-17b6-4278-b2d4-4e4b6494b6f3,scis_premiummiles,Fenton@transcenda.com,+6512345678
81fe0d0c-8e07-4b30-9cf9-87eb79f18094,scis_premiummiles,Paige@transcenda.com,+6512345678
8311d7e3-3001-4942-b9fa-57ec25daf330,scis_premiummiles,Melanie@transcenda.com,+6512345678
8acd0e0a-6ccd-48db-bbc1-b044899d2829,scis_premiummiles,Amelia@transcenda.com,+6512345678
8c56ec05-6987-4aca-ab8b-4410f38b561c,scis_premiummiles,Kirsten@transcenda.com,+6512345678
948692c7-b84a-4cba-b581-a16cea31e093,scis_premiummiles,Blake@transcenda.com,+6512345678
94e9afea-3a50-4ee9-b5b7-bb9c235f1bf3,scis_premiummiles,JessicaRiley@transcenda.com,+6512345678
9590a57e-3754-42f6-8aa3-42bcd05b3160,scis_premiummiles,NedHall@transcenda.com,+6512345678
96544016-f0b6-4da4-960a-2696983d83d6,scis_premiummiles,Jordan@transcenda.com,+6512345678
9844733f-7553-4423-9624-fa3c5f829997,scis_premiummiles,Chester@transcenda.com,+6512345678
9be1f04c-e3e3-4277-a645-af2f4e834581,scis_premiummiles,Adison@transcenda.com,+6512345678
9c5c9fee-b3ca-43f4-a563-25c039985cb4,scis_premiummiles,AmeliaRichards@transcenda.com,+6512345678
9dc93740-096c-4a7d-9a00-5e74fbaf2d82,scis_premiummiles,AlinaHarper@transcenda.com,+6512345678
9e82ce1e-ed9a-4bc2-981d-922d0c3285a4,scis_premiummiles,PaigeCasey@transcenda.com,+6512345678
9f529631-5032-4cc4-b501-a9b4c8759981,scis_premiummiles,Luke@transcenda.com,+6512345678
a1de0ddc-7a8a-402b-b6fb-bb6b45e079c9,scis_premiummiles,Tara@transcenda.com,+6512345678
a1e0246c-d575-4f39-9a16-88438ad381b0,scis_premiummiles,JoyceTaylor@transcenda.com,+6512345678
a47b4ad9-3508-4540-9f3f-7bf9a606013b,scis_premiummiles,JessicaTucker@transcenda.com,+6512345678
a9c5159f-83b6-4908-a9f2-79b5d77777ce,scis_premiummiles,Spike@transcenda.com,+6512345678
ab994375-e1bb-4639-b71b-d90a594e4e6c,scis_premiummiles,Florrie@transcenda.com,+6512345678
af9144a2-67f4-4668-897d-0f127444f790,scis_premiummiles,Vanessa@transcenda.com,+6512345678
b26c6900-6a0f-4e9d-9b3e-30c1ef17ee24,scis_premiummiles,LucasScott@transcenda.com,+6512345678
b40f03ff-7e34-4f0e-b9bf-391f7842d862,scis_premiummiles,Vivian@transcenda.com,+6512345678
b4f6af61-9c1c-4a1c-8904-ec8c2c27bdf6,scis_premiummiles,AlinaPerry@transcenda.com,+6512345678
b5da11db-0ee4-4fa5-999d-3c2d7201038b,scis_premiummiles,Madaline@transcenda.com,+6512345678
b87f57fa-09ce-4e80-a82b-f3e80a7198c1,scis_premiummiles,Abraham@transcenda.com,+6512345678
b8b6268a-3edc-4d74-9f9e-e6760fd7e93f,scis_premiummiles,Sarah@transcenda.com,+6512345678
ba398a1c-d597-4954-9745-b397dda37a5b,scis_premiummiles,MichaelBaker@transcenda.com,+6512345678
bc307bed-3821-427f-907d-ffbfb662bd9e,scis_premiummiles,Maria@transcenda.com,+6512345678
c2490c2f-ffff-4042-a29a-e7ba5c8cbb00,scis_premiummiles,JustinPayne@transcenda.com,+6512345678
c3c6946f-4e98-41c9-a111-4563441b95d5,scis_premiummiles,AriannaCole@transcenda.com,+6512345678
c3e223ca-ea1e-4f84-ba88-63a8ff5733ef,scis_premiummiles,AdisonAndrews@transcenda.com,+6512345678
c62cfde1-675a-4a5c-b4bd-2af363411dda,scis_premiummiles,ChelseaMorris@transcenda.com,+6512345678
c702b401-8071-490f-bf62-0432edf56cf3,scis_premiummiles,MichaelHiggins@transcenda.com,+6512345678
c865b198-46a5-4153-8c00-ee2d8fc22ca9,scis_premiummiles,CamilaMurphy@transcenda.com,+6512345678
caa54ae6-b31e-488b-a82d-d1da27192380,scis_premiummiles,AstonWells@transcenda.com,+6512345678
ccf6b71e-b88f-4856-b660-b2105b675f74,scis_premiummiles,AmberKelly@transcenda.com,+6512345678
cd14b863-8558-49f2-baf0-88da5b3d616d,scis_premiummiles,AshtonChapman@transcenda.com,+6512345678
cfa0cdf4-49b3-46e3-8842-d2511672267f,scis_premiummiles,MayaRobinson@transcenda.com,+6512345678
d43e9dbb-2c17-4d72-addf-1ae6c31e0f65,scis_premiummiles,LennyMorrison@transcenda.com,+6512345678
d5af69a4-09ae-43a6-baeb-288e57f94814,scis_premiummiles,AnnaHenderson@transcenda.com,+6512345678
d80bc24f-31c9-4b4a-baa2-f931ff8ca240,scis_premiummiles,SophiaMontgomery@transcenda.com,+6512345678
d8337022-b326-4317-b2b9-76b7161f0ecd,scis_premiummiles,KateFowler@transcenda.com,+6512345678
e0acadb7-14a5-4b2f-83a9-42c6410c2abb,scis_premiummiles,AdisonWells@transcenda.com,+6512345678
e3468dd4-5bc8-4d33-96ca-ad523eaa04a3,scis_premiummiles,TessJohnson@transcenda.com,+6512345678
e4ba240e-3233-4afc-8a54-8286bec98dd0,scis_premiummiles,AlanEvans@transcenda.com,+6512345678
e7686c76-4cad-46a9-9169-e4ad82909a93,scis_premiummiles,SpikeRobinson@transcenda.com,+6512345678
e9b5f59e-b358-49c3-9a8a-79019ce3b374,scis_premiummiles,CarlosMartin@transcenda.com,+6512345678
ee679e74-53c5-46d8-bb61-9c166baf99fc,scis_premiummiles,AidenGrant@transcenda.com,+6512345678
ef0f210e-9de5-4bc3-b790-ece4cdd10873,scis_premiummiles,CarolineCarter@transcenda.com,+6512345678
ef9ece6a-2f09-4401-8365-42d29b84f2a1,scis_premiummiles,AidaCasey@transcenda.com,+6512345678
f13f7256-344a-4155-944a-a44aead5122c,scis_premiummiles,RyanTaylor@transcenda.com,+6512345678
f43e6aec-bdfd-4da7-9363-3f3fbe27a0a5,scis_premiummiles,CharlieSmith@transcenda.com,+6512345678
f44b5bc8-2c17-428f-92fe-40de46d5f337,scis_premiummiles,EvelynMason@transcenda.com,+6512345678
f6169241-55a5-4bd7-b086-22b79dcd5718,scis_premiummiles,FrederickRoss@transcenda.com,+6512345678
f6483846-2949-469d-a851-1ee0b4081f96,scis_premiummiles,KelseyRussell@transcenda.com,+6512345678
f87875e5-ff1b-4a30-b4bd-c63bc02a2466,scis_premiummiles,MichelleNelson@transcenda.com,+6512345678
f8e90824-aa87-44a3-8bc3-8e740fe7d369,scis_premiummiles,LyndonArmstrong@transcenda.com,+6512345678
fc788fa0-9f4c-4704-8692-ef3f75062f65,scis_premiummiles,FionaHall@transcenda.com,+6512345678
fd015207-a901-43cb-b416-1ac8942f987c,scis_premiummiles,BriannaPhillips@transcenda.com,+6512345678
ff9537aa-95b5-463d-92a2-925e147c8181,scis_premiummiles,OliverBarnes@transcenda.com,+6512345678
05f4033c-7c58-40d6-a3a0-04c39655fcd6,scis_shopping,Stella@transcenda.com,+6512345678
07787e56-1709-44aa-b690-57469e413b39,scis_shopping,Dominik@transcenda.com,+6512345678
081e04cb-92c3-4972-9514-895f86eab045,scis_shopping,Kevin@transcenda.com,+6512345678
08f9ac0e-9162-4a0c-b035-fb31ffdadc64,scis_shopping,Michael@transcenda.com,+6512345678
093830f4-71e4-4530-8a08-a2641e4f126f,scis_shopping,Penelope@transcenda.com,+6512345678
09deba29-6968-4dbc-a411-1061ff4bce53,scis_shopping,Alina@transcenda.com,+6512345678
0b235876-30a7-498c-879a-c58f70c66e3e,scis_shopping,Amanda@transcenda.com,+6512345678
0b66c548-88a8-4c62-8ecf-295c783c57a6,scis_shopping,Edward@transcenda.com,+6512345678
0c80cea9-3f4e-44fb-95a7-3a84626a804a,scis_shopping,Sofia@transcenda.com,+6512345678
0cf12752-ad60-4179-8a8e-aa58148c8965,scis_shopping,Kelvin@transcenda.com,+6512345678
121ae56f-b732-4186-ac6e-b0d89fee73bb,scis_shopping,Joyce@transcenda.com,+6512345678
1330396a-6f25-4d7c-86a7-97339da9c8c9,scis_shopping,Rafael@transcenda.com,+6512345678
138c9f7f-67f2-49dd-855c-f6d43126b260,scis_shopping,Lucas@transcenda.com,+6512345678
13b2ae82-4132-45b8-a865-3523b5154fd5,scis_shopping,Olivia@transcenda.com,+6512345678
158578f8-60e7-4748-9c64-d3c3c837e7ce,scis_shopping,Jacob@transcenda.com,+6512345678
172fa588-cb07-4261-87ee-bedc9497be0a,scis_shopping,Maya@transcenda.com,+6512345678
17cc3eca-c920-4e83-83fd-e1bb9f89ca75,scis_shopping,chenzhaoxing.98@gmail.com,+6582223913
18241084-1005-4f72-b293-a702f4854732,scis_shopping,Roman@transcenda.com,+6512345678
1ea98ddd-072c-4927-9015-23aaba69f4c3,scis_shopping,Catherine@transcenda.com,+6512345678
22241f90-75cd-4899-b461-d2d96f90c490,scis_shopping,Jasmine@transcenda.com,+6512345678
248fecf1-ecbd-4d10-8bd4-30823ef4457b,scis_shopping,Carl@transcenda.com,+6512345678
24fda5bb-2713-4032-a0ff-a2458a184876,scis_shopping,Anna@transcenda.com,+6512345678
2a2460e6-3fb1-4bd5-a57c-0c8814f30619,scis_shopping,Frederick@transcenda.com,+6512345678
2efc9d8b-1bbb-4500-816a-07ddd87440d4,scis_shopping,Gianna@transcenda.com,+6512345678
2ff4b6a8-ef7f-45a0-821a-35056ec79ac5,scis_shopping,Paul@transcenda.com,+6512345678
3654fe3c-4c32-4699-8b08-56558450583e,scis_shopping,Elise@transcenda.com,+6512345678
36883ff4-6289-488b-9beb-59e4d4d22f06,scis_shopping,Martin@transcenda.com,+6512345678
3cb4918d-3de4-402c-a232-1fc8553c715b,scis_shopping,KevinWatson@transcenda.com,+6512345678
4403aa8e-55bd-4e28-9bbe-5dcb94c25297,scis_shopping,Freddie@transcenda.com,+6512345678
44ed5ca6-8b59-4a64-9a45-9cecd501c355,scis_shopping,Arianna@transcenda.com,+6512345678
4560a320-254f-42d8-8a09-4bfe6dbb2a43,scis_shopping,PaulRussell@transcenda.com,+6512345678
4635a40b-1ccc-4669-b99e-0c06bc6dc9d8,scis_shopping,Ned@transcenda.com,+6512345678
4a9fcb9f-d59c-4ac0-8c2d-0237ad2e26be,scis_shopping,Victoria@transcenda.com,+6512345678
4b42a2e4-5b42-4ffe-9e25-8e93e0212450,scis_shopping,Charlotte@transcenda.com,+6512345678
4b7dbda3-2bf3-45a7-b22f-32e0fc0be0c7,scis_shopping,Jack@transcenda.com,+6512345678
4e34d26f-f473-4ec7-ad6e-4d991ced7304,scis_shopping,OliviaRichardson@transcenda.com,+6512345678
52ec7535-8991-46c5-92bd-40f222d7a01f,scis_shopping,Honey@transcenda.com,+6512345678
53710b44-2ca1-4173-accf-05739b307aed,scis_shopping,Briony@transcenda.com,+6512345678
53aa844e-f6ec-46ee-b365-06081782b61b,scis_shopping,Albert@transcenda.com,+6512345678
53f23750-2f56-4aee-97d2-96c2ef88d1bf,scis_shopping,Hailey@transcenda.com,+6512345678
5629d2f0-9049-451d-abe8-8c4f6104f272,scis_shopping,Brooke@transcenda.com,+6512345678
5756092f-caf0-4118-b104-be07904b5ce4,scis_shopping,Jessica@transcenda.com,+6512345678
6199c01f-f06a-48b6-9b14-8d5e4ee2d727,scis_shopping,Sienna@transcenda.com,+6512345678
620a8ba8-afbe-4590-a2ce-8ca78c687b3a,scis_shopping,Samantha@transcenda.com,+6512345678
63e63830-29e0-41f3-814f-de6bc1dd575b,scis_shopping,Julia@transcenda.com,+6512345678
644926b1-22c9-4532-a1f1-4ab5253ce51b,scis_shopping,Jenna@transcenda.com,+6512345678
688198ee-32a8-4329-9234-a1a5e7ff5165,scis_shopping,Alan@transcenda.com,+6512345678
689731a0-1cde-41d1-952e-f8ce942b790e,scis_shopping,Natalie@transcenda.com,+6512345678
68ea7591-c73b-425b-9e31-c86a578b1b27,scis_shopping,Adrianna@transcenda.com,+6512345678
6a51c3b5-2622-46ed-962a-d82d773d0c31,scis_shopping,Cadie@transcenda.com,+6512345678
6c085732-2154-46af-ae93-d5aaaa381a5d,scis_shopping,Justin@transcenda.com,+6512345678
6d7c476a-6a43-440f-a08a-9755fbf7a236,scis_shopping,Alfred@transcenda.com,+6512345678
73fac73e-35c5-4c03-acd0-d0827bbeb5a3,scis_shopping,Nicole@transcenda.com,+6512345678
76f882c0-f918-4185-bfd0-0c6b6ad389f9,scis_shopping,Melissa@transcenda.com,+6512345678
7703c2b3-f7cc-48b7-8277-442ee188c903,scis_shopping,Ted@transcenda.com,+6512345678
79c972ef-84fa-4ac6-956c-b17e26813724,scis_shopping,Aiden@transcenda.com,+6512345678
7ae8528b-bc3c-4cc6-a47d-e7ee7929fd18,scis_shopping,John@transcenda.com,+6512345678
7c65ab55-77f5-4cab-a3bd-f6901924f999,scis_shopping,Owen@transcenda.com,+6512345678
7dd87a48-0bd7-436b-900c-448698ae20a6,scis_shopping,Evelyn@transcenda.com,+6512345678
83e9642d-c29e-4f72-a336-7d0fe7a26cfa,scis_shopping,Miley@transcenda.com,+6512345678
87046298-67a4-45f5-9818-5cbb9f4e8708,scis_shopping,Aston@transcenda.com,+6512345678
88701073-3c20-4185-aae4-a76fb30c9d5c,scis_shopping,Kelsey@transcenda.com,+6512345678
8a1ed9b0-a02e-417a-b64f-832f1ccc679d,scis_shopping,MelissaStewart@transcenda.com,+6512345678
8b3f180d-e9c6-421e-b9c0-583555d99f8c,scis_shopping,Julian@transcenda.com,+6512345678
8b9c819a-b5c5-48bb-982b-44e53f9aeff4,scis_shopping,MayaHill@transcenda.com,+6512345678
8c2620ac-fff5-4dc9-9e72-7e6420e0bfaf,scis_shopping,Mary@transcenda.com,+6512345678
8d21991f-7cfc-4d76-b3a7-7c65165a1bc1,scis_shopping,Lucia@transcenda.com,+6512345678
8db2a81e-3e97-4bed-b190-6f46b7ad3c38,scis_shopping,Miller@transcenda.com,+6512345678
8f478d0b-a303-4039-b281-75feae383da1,scis_shopping,Derek@transcenda.com,+6512345678
8f8f6da2-6f40-4ed5-b4d8-e06c7cf0850d,scis_shopping,Roland@transcenda.com,+6512345678
907eadac-cf64-41d0-8cbe-8b8365bacede,scis_shopping,Fenton@transcenda.com,+6512345678
91b66b46-2b49-471c-8d63-69c675aa7a56,scis_shopping,Paige@transcenda.com,+6512345678
91cdcba1-e780-444f-b759-9465d4efa2df,scis_shopping,Melanie@transcenda.com,+6512345678
937d368a-fcde-44f4-866d-3bc4f26f1a45,scis_shopping,Amelia@transcenda.com,+6512345678
9758f2ca-35cd-4ba8-8139-fb6190a91b35,scis_shopping,Kirsten@transcenda.com,+6512345678
9817bbb3-8bc8-49ba-9962-deea8348d7fe,scis_shopping,Blake@transcenda.com,+6512345678
9846c9f5-fc2c-44e8-b0ed-d0462a9a46d8,scis_shopping,JessicaRiley@transcenda.com,+6512345678
98b3595b-e04d-4816-9a3e-13b7499c763e,scis_shopping,NedHall@transcenda.com,+6512345678
99247b0f-e503-490a-8955-92d67acee1a9,scis_shopping,Jordan@transcenda.com,+6512345678
99e5c33e-e7be-4cd0-aeab-554f7f9a9d7b,scis_shopping,Chester@transcenda.com,+6512345678
9b941738-04d1-40e6-b6b0-3a6185dd5d50,scis_shopping,Adison@transcenda.com,+6512345678
9dc005b7-fd47-47d7-b83d-e02dddcfa73f,scis_shopping,AmeliaRichards@transcenda.com,+6512345678
9e309625-aeb3-47bb-9664-a2442a1ffd10,scis_shopping,AlinaHarper@transcenda.com,+6512345678
a474a7d9-b4a3-4dc6-b38d-6f36688b1449,scis_shopping,PaigeCasey@transcenda.com,+6512345678
a650e010-2f51-406a-b183-82e63df8e678,scis_shopping,Luke@transcenda.com,+6512345678
a908aa15-6876-437a-b3cd-b61aa09d2976,scis_shopping,Tara@transcenda.com,+6512345678
ad2c59f3-640d-43cb-8ad1-0c59f30a7f7b,scis_shopping,JoyceTaylor@transcenda.com,+6512345678
af4c42a1-0483-4dc8-8705-aafe8d683523,scis_shopping,JessicaTucker@transcenda.com,+6512345678
b1a52f7c-c44a-440c-9600-43104d40a988,scis_shopping,Spike@transcenda.com,+6512345678
b1bb1d1d-0e8e-4307-be81-ebbb3352f3ca,scis_shopping,Florrie@transcenda.com,+6512345678
b41497a3-535e-46f0-91a7-e46b7b3c7c52,scis_shopping,Vanessa@transcenda.com,+6512345678
b4eb5da2-7d4c-4af6-af73-e1fbbd717b2b,scis_shopping,LucasScott@transcenda.com,+6512345678
b53f2b5e-4b74-4cd4-80d6-7ed220088ecc,scis_shopping,Vivian@transcenda.com,+6512345678
b588271b-24e7-40ce-a80d-e72ce42d8c54,scis_shopping,AlinaPerry@transcenda.com,+6512345678
b7a86f0d-c680-4579-9425-b13b388487ee,scis_shopping,Madaline@transcenda.com,+6512345678
bd2322fb-09fb-405e-abf9-73df36834708,scis_shopping,Abraham@transcenda.com,+6512345678
c09e80e4-8c94-47a2-9a98-ac97f6f8121d,scis_shopping,Sarah@transcenda.com,+6512345678
c1689a37-2f04-41c3-a0e9-838e05ee06f6,scis_shopping,MichaelBaker@transcenda.com,+6512345678
c3a52d78-aae8-4d86-a7e1-d3d5f28bfcc0,scis_shopping,Maria@transcenda.com,+6512345678
c47fe2ba-f86f-43ad-9df2-19e46a6fb608,scis_shopping,JustinPayne@transcenda.com,+6512345678
c75f2c4f-15b9-4e93-bdf2-0d014dc28a6b,scis_shopping,AriannaCole@transcenda.com,+6512345678
c7ecefc4-fa85-4b28-aed1-52141c743ee5,scis_shopping,AdisonAndrews@transcenda.com,+6512345678
c80cdb77-7017-4209-94ca-a34d3c2565e5,scis_shopping,ChelseaMorris@transcenda.com,+6512345678
c83725af-6717-4f4b-b39c-e505042c38f7,scis_shopping,MichaelHiggins@transcenda.com,+6512345678
c8e17403-9b49-4325-b168-b66595658975,scis_shopping,CamilaMurphy@transcenda.com,+6512345678
cd43709e-eeb7-4134-87e9-d1c5652cba08,scis_shopping,AstonWells@transcenda.com,+6512345678
d189bd68-6b45-40aa-8408-180beefcc670,scis_shopping,AmberKelly@transcenda.com,+6512345678
d3653581-29c2-46ce-b769-194c56c83f40,scis_shopping,AshtonChapman@transcenda.com,+6512345678
d5a29986-6da6-4dbc-84b6-ee16ce170ba0,scis_shopping,MayaRobinson@transcenda.com,+6512345678
d5de1bc3-4653-4a01-bace-7839602f33b1,scis_shopping,LennyMorrison@transcenda.com,+6512345678
d69a7aa0-b8e1-4eae-86dc-0b87950fa8fe,scis_shopping,AnnaHenderson@transcenda.com,+6512345678
d70734e1-c87d-474a-a2cf-88f0013c2e63,scis_shopping,SophiaMontgomery@transcenda.com,+6512345678
d8213eb5-b113-40f1-834a-8ffcb18cfc9d,scis_shopping,KateFowler@transcenda.com,+6512345678
d85a1c38-6ef9-4633-92d7-59f91f2918b8,scis_shopping,AdisonWells@transcenda.com,+6512345678
d990041e-4b33-4b78-b249-d8c607817910,scis_shopping,TessJohnson@transcenda.com,+6512345678
dbaad9bc-2efe-4699-9dab-821bac23b459,scis_shopping,AlanEvans@transcenda.com,+6512345678
ddf38d28-fac9-46f5-9d46-be1e20b8b125,scis_shopping,SpikeRobinson@transcenda.com,+6512345678
e2315dc5-c696-4af6-a9fe-6c65b9c68794,scis_shopping,CarlosMartin@transcenda.com,+6512345678
e276a52d-e72c-437b-9f37-b00f9d28cf3e,scis_shopping,AidenGrant@transcenda.com,+6512345678
e45c5570-7431-423b-8e98-37edc98dc8b7,scis_shopping,CarolineCarter@transcenda.com,+6512345678
e909fd56-5ff9-44ed-8439-dcfed8acaf33,scis_shopping,AidaCasey@transcenda.com,+6512345678
eb7522de-cc3b-417d-b4d7-2a32e27935e5,scis_shopping,RyanTaylor@transcenda.com,+6512345678
ebfa0925-a9b8-4bed-a923-8eef10c59c6e,scis_shopping,CharlieSmith@transcenda.com,+6512345678
ec52e7e9-2391-4a73-ba8b-cfda5fda8f00,scis_shopping,EvelynMason@transcenda.com,+6512345678
ecde8ced-0114-4d98-b78e-43b6c6448cf4,scis_shopping,FrederickRoss@transcenda.com,+6512345678
ee5b98b9-6ea6-4db5-8faf-08d6d1d5d68e,scis_shopping,KelseyRussell@transcenda.com,+6512345678
efbc4c82-facd-457f-9910-d0c45ff54f82,scis_shopping,MichelleNelson@transcenda.com,+6512345678
f1c3227b-83f8-4cbe-9b5a-51769c29803d,scis_shopping,LyndonArmstrong@transcenda.com,+6512345678
f1d79e94-00b0-4065-a01b-d28445ec344d,scis_shopping,FionaHall@transcenda.com,+6512345678
f1f726aa-2716-4624-ae77-c6942141a7c7,scis_shopping,BriannaPhillips@transcenda.com,+6512345678
f214abfe-c570-4ccf-a04f-1de43695329c,scis_shopping,OliverBarnes@transcenda.com,+6512345678
f458dcd7-b381-4e11-be6c-a7c3a26e0754,scis_shopping,StuartTaylor@transcenda.com,+6512345678
f4946a09-f0f6-48e6-b504-7e9e0881e731,scis_shopping,SawyerJones@transcenda.com,+6512345678
f532a265-07e7-4569-85c2-12208736bafc,scis_shopping,DaleHenderson@transcenda.com,+6512345678
f74731c1-5134-4734-8afa-14f763bbe4d5,scis_shopping,BlakeHiggins@transcenda.com,+6512345678
fb175a51-67b7-4500-ad0f-4d13900f84cf,scis_shopping,FreddieBaker@transcenda.com,+6512345678
fcd16134-5a20-4ce7-9282-fe7f1a90b81a,scis_shopping,KristianMyers@transcenda.com,+6512345678
